new_id,type,actualseq
95114,C10,ATGGGCGCTCAAGTATCCAGACAGAGTGTTGGGAGTCACGAAACCATGATTCATGCAGGAACTGGCGCTGTTGTCAAATATTTCAATGTGAACTACTACAAGGATGCGGCAAGTTCAGGGCTCACAAAACAGGATTTCTCTCAAGACCCATCCAAATTCACACAACCAGTGGCCGACCTCTTAACCAACCCAGCATTAATGTCTCCCTCAATCGAGGCTTGTGGGTTTTCCGATAGGCTCAAGCAAATCACTATTGGAAACTCCACTATAACAACTCAAGATGCTGTCAACTCAATCGTTGCGTATGGAGAATGGCCAAGCTACTTATCAGACATAGATGCAACCTCAGTTGACAAACCTACTCATCCTGAAACATCATCAGACAGATTTTACACTTTGAGGAGTGTCAATTGG
95125,A61,ATGGGCGCCCAGGTATCTAGACAAAATGTTGGTACTCACTCTACCCAAAACTCTGTTTCAAATGGTTCTAGTTTAAATTACTTTAATATTAATTATTTTAAAGATGCAGCCTCAAGTGGAGCATCAAAATTGGAATTTTCACAAGACCCCAGCAAATTCACGGATCCAGTTAAAGATGTTTTGGAAAAAGGAATACCAACTCTACAATCACCTACAGTTGAAGCATGTGGTTATTCAGATAGAATCATTCAAATTACAAGAGGTGACTCTACAATTACCTCACAAGATGTGGCCAACGCTGTCGTTGGATATGGGGTCTGGCCACACTACTTGACACCACAAGATGCCACTGCTATTGACAAACCCTCTAAACCTGACACATCCTCCAATAGATTCTACACATTAGAAAGTCAGACCTGGACT---------------------------------------
95142,A102,ATGGGCGCTCAGGTCTCAAGACAAAATGTTGGTACCCACTCCACTCAAAATACGGTTGCTAATGGTTCTAGCCTAAACTATTTTAACATCAATTATTTTAAGGATGCTGCATCTAATGGTGCTTCACGTCTAGACTTCTCTCAAGATCCTAGTAAATTTACTGATCCAGTTAAAGATGTTTTAATAAAAGGAGTACCAACATTACAATCACCATCAGTAGAGGCATGTGGATACTCAGATAGGATTATCCAAATAACTCGTGGAAACTCCACTATTACATCACAGGACATAGCTAATGCTGTGGTTGGGTATGGTGTTTGGCCTCAATATTTATCTGATATTGATGCTAATGCCATTGACAAACCAACACATCCAGACACATCATCAAATAGGTTCTATACTTTAGATAGTAAACCATGG------------------------------------------
95193,A102,ATGGGCGCTCAGGTCTCAAGACAAAATGTTGGTACCCACTCCACTCAAAATACGGTTGCTAATGGTTCTAGCCTAAACTATTTTAACATCAATTATTTTAAGGATGCTGCATCTAATGGTGCTTCACGTCTAGACTTCTCTCAAGATCCTAGTAAATTTACTGATCCAGTTAAAGATGTTTTAATAAAAGGAGTACCAACATTACAATCACCATCAGTAGAGGCATGTGGATACTCAGATAGGATTATCCAAATAACTCGTGGAAACTCCACTATTACATCACAGGACATAGCTAATGCTGTGGTTGGGTATGGTGTTTGGCCTCAATATTTATCTGATATTGATGCTAATGCCATTGACAAACCAACACATCCAGACACATCATCAAACAGGTTCTATACTTTAGATAGTAAACCATGG------------------------------------------
95236,A46,ATGGGCGCACAGGTTTCTAGACAGAATGTTGGTACACACTCTACACAGAACACAGTTGCCAATGGCTCTAGTTTAAATTACTTTAACATCAATTATTTTAAAGATGCAGCATCATCTGGAGCATCAAGATTGGATTTCTCACAAGATCCCAGCAAATTCACTGACCCAGTCAAGGATGTTTTAACAAAAGGCATCCCTACTCTACAATCCCCCTCAGTTGAAGCATGTGGATATTCTGACAGGATCATACAAATAACCCGTGGTAATTCAACTATTACATCACAAGATATAGCTAATGCTGTTGTGGGATATGGAGTTTGGCCAGAATATTTGGCTGATGATGATGCTAGTGCCATAGATAAACCAACACATCCGATAACATCATCTAACCGGTTCTACACCTTAGAAAGTAAACGTTGGGAG---------------------------------------
95242,A49,ATGGGCGCACAGGTATCCAGACAGAATGTTGGGACTCACTCTACACAAAACTCTGTATCTAATGGATCTAGTTTAAACTACTTCAACATCAATTACTTCAAAGATGCTGCTTCAAATGGTGCATCCAAATTAGAGTTCACTCAAGATCCTAGCAAATTCACAGACCCTGTTAAAGATGTATTAGAGAAAGGAATACCAACACTGCAATCACCCACAGTTGAGGCTTGTGGATATTCGGATAGAATCATACAGATTACCAGAGGAGATTCAACAATAACATCACAGGATGTGGCAAACGCTGTTGTTGCATATGGTGTTTGGCCACACTATTTATCCTCTAAAGATGCTTCTGCAATTGACAAGCCTTCCCGCCCAGACACATCTTCCAATAGGTTTTATACTTTAAAGAGTGTGACT---------------------------------------------
95289,A21,ATGGGCGCTCAGGTATCTAGACAGAATGTTGGAACTCACTCCACTCAAAACTCAGTATCCAATGGTTCAAGCTTAAATTATTTTAATATAAATTATTTCAAAGATGCCGCCTCTAGTGGTGCATCAAAACTGGAATTTTCACAGGACCCTAGCAAATTCACAGACCCAGTCAAAGATGTACTTGAAAAAGGCATTCCTACTTTGCAATCTCCAACCGTTGAGGCATGTGGTTATTCAGATAGAATTATACAAATCACAAGAGGAGACTCCACTATAACATCACAAGACGTGGCCAATGCTGTTGTTGGTTATGGAGTTTGGCCGCATTACCTGACACCACAAGATGCTACTGCAATTGATAAACCATCTAGACCAGATACTTCCTCAAATAGATTCTATACATTGGAGAGTAAAGTGTGGACAAACAGCTCAAAA---------------------------
95344,C5,ATGGGTGCCCAGGTCAGTAAACAGAATGTTGGCTCACATGAAAGTGGAATATCAGCATCATCAGGTTCAGTCATAAAATATTTCAACATCAATTACTACAAAGACTCGGCTAGTAGTGGTTTAAGCAAACAAGACTTCTCCTTGGACCCAGAGAAATTTACTAAGCCTTTGGCTGATGTTATGACCAATCCAGCATTAATGAGTCCAAGCATAGAGGCTTGTGGATTCTCCGATAGGCTCAAACAAATCACTATCGGTAGCTCCACAATAACAACACAGGACACTTTAAACACAGTCGTGGCTTATGGTGAATGGCCAGAATACCTGAAAGACACTGATGCGAGCGCTGTAGATAAACCTACTCATCCAGAAACATCTACAGACCGTTTCTATACGCTCACAAGTGTAGAATGG
95367,C38,ATGGGCGCCCAGGTCAGCAAGCAGAATGTTGGTTCACATGAAAGTGGAATATCTGCGTCATCAGGTTCAGTTATAAAGTATTTTAATATCAACTACTACAAGGATTCAGCTAGCAGTGGCCTAAGTAAACAAGATTTCTCCATGGACCCAGAAAAGTTCACTAAACCCTTGGCTGATGTCATGACTAACCCAGCATTAATGAGTCCAAGCATAGAAGCTTGTGGGTTTTCCGATAGGCTAAAACAAATCACTATCGGTAGTTCCACAATAACAACGCAAGACACTTTGAACACAGTTGTGGCTTATGGTGAATGGCCAGAATACTTGAAAGATGCTGATGCTAGCGCTGTAGACAAACCCACCCATCCGGAAACATCTACAGATCGCTTCTACACACTAACCAGTGTTGAATGG
95384,C5,ATGGGTGCCCAGGTCAGTAAACAGAATGTTGGCTCACATGAAAGTGGAATATCAGCATCATCAGGTTCAGTCATAAAATATTTCAACATCAATTACTACAAAGACTCGGCTAGTAGTGGTTTAAGTAAACAAGACTTCTCCTTGGACCCAGAGAAATTTACTAAGCCTTTGGCTGATGTTATGACCAATCCAGCATTGATGAGTCCAAGCATAGAGGCTTGTGGATTCTCCGATAGGCTCAAACAAATCACTATCGGTAGCTCCACAATAACAACACAGGACACTTTAAACACAGTCGTGGCTTATGGTGAATGGCCAGAATACCTGAAAGACACTGATGCGAGCGCTGTGGATAAACCTACTCATCCAGAAACATCTACAGACCGTTTCTATACGCTC---------------
95422,A60,ATGGGCGCCCAGGTATCAAGACAGAATGTTGGCACACACTCAACTCAAAATGTGGTTTCTAGTGGTTCTAGTTTAAACTATTTTAATATTAATTATTTCAAAGATGCAGCCTCAAGTGGTGCATCAAAGTTAGAGTTTTCACAAGATCCAAGTAAATTCACTGACCCAGTTAAAGATGTGTTAGAAAAAGGTATTCCTACCCTCCAATCCCCAACAGTTGAAGCATGTGGATACTCTGACAGAATTATTCAAATTACCAGAGGAGATTCTACCATAACATCACAAGATGTGGCCAATGCTGTTGTTGGCTATGGAGTATGGCCCCACTATCTCACAGCACAAGATGCCACTGCAATAGATAAACCATCACAACCTGATACATCATCTAATAGATTTTATACATTAGAGAGTAAATTGTGG------------------------------------------
95465,A40,ATGGGCGCACAGGTTTCTAGACAGAACGTTGGGACTCACTCCACTCAGAATTCAGTTTCTAATGGATCTAGTTTAAACTATTTTAACATCAATTACTTCAAAGATGCTGCATCAAGCGGGGCATCAAAGCTTGAGTTTTCACAAGATCCAAGCAAATTTACTGATCCAGTCAAGGATGTTCTAGAGAAAGGAATTCCAACTTTGCAATCTCCAACAGTAGAGGCTTGTGGTTATTCAGACAGGATTATACAAATCACCAGAGGTGATTCGACCATAACATCTCAAGATGTAGCAAATGCTGTGGTTGGGTATGGAGTATGGCCTCACTATTTAACACCACAAGATGCCACAGCAATTGACAAACCCAGCCAACCTGATACATCATCAAACAGGTTTTATACCCTGGAAAGTAAAGAATGGACCAACTCC---------------------------------
95531,A66,ATGGGCGCTCAAGTTTCTAGACAGAATGTTGGAACACACTCAACACAGAATACAGTGTCAAATGGATCAAGCCTCAATTACTTTAACATCAATTATTTCAAGGATGCGGCCTCTAGTGGAGCATCAAAATTGGAGTTTTCACAAGATCCTAGCAAATTCACAGATCCAGTCAAAGATGTTCTTGAAAAGGGAATCCCAACACTTCAATCCCCAACTGTTGAAGCATGTGGATATTCAGACAGGATAATACAAATCACAAGGGGTGACTCCACAATCACATCACAGGATGTTGCCAATGCAGTCGTTGGTTATGGTGTTTGGCCACATTATCTAAGTGGCACAGATGCTACTGCCATTGACAAACCCAGTCGACCTGACACATCATCAAATAGATTTTATACCCTTGAAAGTAAAAGGTGGACCCCAACCTCACAGGGCTGG---------------------
95547,C_pat19,ATGGGTGCCCAAGTGAGTAAACAAAATGTTGGCTCGCACGAAAATTCTGTTTCCGCCACAGGAGGTTCAGTTATTAAATATTTTAACATCAATTATTACAAGGATTCTGCTAGCTCGGGATTAACAAAACAAGATTTTTCACAGGATCCATCCAAATTCACACAACCTTTAGCTGAGGCATTAACAAACCCGGCACTTATGTCACCCAGTATTGAGGCTTGTGGATTCTCCGATAGGCTTAAACAAATCACTATCGGGAATTCAACAATAACAACCCAAGATACCCTACAAACAGTTCTTGCTTATGGTGAATGGCCTGAATACCTTTCAGCATTAGATGCCACCTCGGTTGACAAACCTACCCACCCTGAAACATCTGCCGACCGTTTTTACACCCTC---------------
95730,C38,ATGGGCGCCCAGGTCAGCAAGCAGAATGTTGGTTCACATGAAAGTGGAATATCTGCGTCATCAGGTTCAGTTATAAAGTATTTTAATATCAACTACTACAAGGATTCAGCTAGCAGTGGCCTAAGTAAACAAGATTTCTCCATGGACCCAGAAAAGTTCACTAAACCCTTGGCTGATGTCATGACTAACCCAGCATTAATGAGTCCAAGCATAGAAGCTTGTGGGTTTTCCGATAGGCTAAAACAAATCACTATCGGTAGTTCCACAATAACAACGCAAGACACTTTGAACACAGTTGTGGCTTATGGTGAATGGCCAGAATACTTGAAAGATGCTGATGCTAGCGCTGTAGACAAACCCACCCATCCGGAAACATCTACAGATCGCTTCTACACACTAACCAGTGTTGAATGG
95967,C6,ATGGGCGCACAAGTATCTAGGCAAAGTGTCGGGAGTCACGAAACAATGATCCACGCTGGAACAGGAGCTGTAGTGAAATATTTTAATGTCAACTACTACAAGGATGCAGCAAGTTCTGGGCTAACCAAGCAGGATTTTTCTCAAGACCCTTCCAAATTCACCCAACCTGTAGCAGATATCTTGTCAAATCCAGCACTAATGTCTCCTTCAATTGAAGCATGTGGGTTCTCCGATAGGCTCAAGCAAATCACTATCGGAAACTCCACTATCACAACACAGGATGCAGTCAACACAATTGTCGCATATGGAGAATGGCCCAGTTACTTGTCAGATATGGATGCAACTTCAGTTGATAAACCCACCCACCCTGAAACTTCATCGGACAGATTCTATACACTGAATAGTGTCACTTGG
96068,A101,ATGGGTGCACAGGTTTCTAGACAAAACGTTGGAACTCATTCAACACAAAATGCAGTGTCTAATGGCTCAAGTTTAAATTATTTTAACATCAATTATTTTAAAGATGCAGCATCAAGTGGAGCATCAAGATTAGATTTTTCACAAGATCCCAGTAAATTTACTGACCCAGTTAAAGATGTTCTAACAAAAGGAATTCCAACATTGCAGTCCCCATCTGTTGAGGCTTGTGGATATTCAGACAGAATAATACAAATAACAAGAGGGAACTCAACAATAACATCACAAGATGTAGCAAATGCAGTTGTTGGGTATGGAGTGTGGCCCCAATACTTACCTGATGATGATGCTAGTGCCATTGACAAACCAACTCATCCAGATACATCTTCAAACAGATTCTATACATTGGACAGTAAAGAGTGGAAA---------------------------------------
96071,A60,ATGGGCGCCCAGGTATCAAGACAGAATGTTGGCACACACTCAACTCAAAATGTGGTTTCTAGTGGTTCTAGTTTAAACTATTTTAATATTAATTATTTCAAAGATGCAGCCTCAAGTGGTGCATCAAAGTTAGAGTTTTCACAAGATCCAAGTAAGTTCACTGACCCAGTTAAAGATGTGTTAGAAAAAGGTATTCCTACCCTCCAATCCCCAACAGTTGAAGCATGCGGATACTCTGACAGAATTATTCAAATTACCAGAGGAGATTCTACCATAACATCACAAGATGTGGCCAATGCTGTTGTTGGCTATGGAGTATGGCCCCACTATCTCACAGCACAAGATGCCACTGCAATAGATAAACCATCACAACCTGATACATCATCTAAT------------------------------------------------------------------------
96075,A60,ATGGGCGCCCAGGTATCAAGACAGAATGTTGGCACACACTCAACTCAAAATGTGGTTTCTAGTGGTTCTAGTTTAAACTATTTTAATATTAATTATTTCAAAGATGCAGCCTCAAGTGGTGCATCAAAGTTAGAGTTTTCACAAGATCCAAGTAAATTCACTGACCCAGTTAAAGATGTGTTAGAAAAAGGTATTCCTACCCTCCAATCCCCAACAGTTGAAGCATGTGGATACTCTGACAGAATTATTCAAATTACCAGAGGAGATTCTACCATAACATCACAAGATGTGGCCAATGCTGTTGTTGGCTATGGAGTATGGCCCCACTATCTCACAGCACAAGATGCCACTGCAATAGATAAACCATCACAACCTGATACATCATCTAATAGATTTTATACATTAGAGAGTAAATTGTGG------------------------------------------
96085,C21,TTCCAAGCAGAGTGTGGGAGCACATGAAACCATGGTACACGCCGGCTCTGGCGCTGTTGTTAAGTACTTTAACATTAACTACTACAAGGATGCTGCTAGTTCTGGCTTAACCAAACAGGATTTCTCACAAGACCCATCCAAATTCACTCAACCCGTAGCGGATCTGTTGACGAACCCAGCTCTAATGTCCCCGTCAGTTGAAGCATGTGGTTACTCCGATAGGCTCAAACAAATCACTATCGGAAGCTCCACTATCACAACACAAGATTCTGTCAACACTATAGTAGCATATGGTGAGTGGCCCAGCTATCTATCAGACTTGGATGCCTCATCTGTTGACAAGCCAACACATCCTGAGA
96144,A58,ATGGGTGCACAAGTGTCAAGACAGAATGTTGGAACACACTCAACACAGAACTCAGTGAGCAATGGATCAAGTCTTAATTATTTTAATATTAATTACTTTAAGGATGCAGCTTCAAGTGGTGCCTCTAGACTAGATTTTTCTCAAGACCCCAGTAAATTCACAGATCCTGTAAAAGATGTATTAGAAAAGGGCATTCCAACACTTCAATCACCAACAGTTGAAGCATGTGGTTATTCAGATAGATTAATACAGATCACCCGTGGAGACTCTACTATAACATCACAAGATATTGCAAATGCAGTTGTTGCTTATGGGGTGTGGCCATCATACTTGACTCCAGATGATGCAACTGCAATTGACAAACCCACACAACCTGACACTTCCTCTAATAGATTT
96161,C6,ATGGGCGCACAAGTATCTAGGCAAAGTGTCGGGAGTCACGAAACAATGATCCACGCTGGAACAGGAGCTGTAGTGAAATATTTTAATGTCAACTACTACAAGGATGCAGCAAGTTCTGGGCTAACCAAGCAGGATTTCTCTCAAGACCCTTCCAAATTCACCCAACCTGTAGCAGATATCTTGTCAAATCCAGCACTAATGTCTCCTTCAATTGAAGCATGTGGGTTCTCCGATAGGCTCAAGCAAATCACTATCGGAAACTCCACTATCACAACACAGGATGCAGTCAACACAATTGTCGCATATGGAGAATGGCCCAGTTACTTGTCAGATATGGATGCAACTTCAGTTGATAAACCCACCCACCCTGAAACTTCATCGGACAGGTTCTATACACTGAATAGTGTCACTTGG
96162,A106,ATGGGCGCACAAGTCTCAAGGCAGAATGTTGGTACTCACTCTACGCAAAATACCGTTGCTAATGGATCAAGTTTAAATTATTTTAACATCAATTACTTTAAAGATGCAGCATCCAATGGGGCTTCCAGACTTGACTTTTCCCAAGACCCGAGTAAATTTACTGACCCAGTTAAAGATGTTCTGGTGAAAGGTATCCCCACATTACAATCACCATCAGTAGAAGCTTGTGGGTATTCAGATAGGATTATTCAAATAACAAGGGGGAATTCAACCATAACCTCTCAAGACATTGCAAACGCTGTTGTTGCATATGGAGTCTGGCCACAGTACCTATCAGATATGGATGCTAATGCTATAGATAAACCATCACACCCTGATACATCTTCTAACAGGTTTTACACACTTGATAGCCAACTATGG------------------------------------------
96272,A30,ATGGGCGCACAGGTATCTAGACAAAATGTTGGGACTCACTCTACACAAAATTCTGTGTCAAATGGATCTAGTTTAAATTATTTTAACATCAATTATTTTAAAGATGCTGCTTCAAATGGAGCGTCTAAATTGGATTTTACACAGGATCCTAGCAAGTTCACAGATCCAGTCAAAGATGTTTTAGAAAAAGGAATACCAACACTACAATCACCCACAGTAGAGGCGTGTGGATACTCTGATAGAATCATACAGATCACTAGAGGAGATTCAACAATAACTTCACAAGATGTGGCCAATGCTGTTGTCGCATACGGTGTTTGGCCGCATTATTTGTCCTCAAAAGATGCTACTGCAATTGACAAGCCTTCTCGGCCTGACACATCTTCAAATAGATTTTACACTCTAAAGAGTATAACTTGG------------------------------------------
96395,A10,ATGGGCGCTCAAGTATCCAGGCAGAATGTTGGTACTCACTCAACACAAAATGCAGTTTCAAATGGATCTAGTTTGAATTATTTTAACATCAACTATTTCAAAGATGCAGCATCTAGCGGTGCTTCAAAATTGGAATTTTCACAGGACCCTAGTAAATTCACAGACCCTGTTAAAGATGTCTTAGAGAAAGGGATTCCAACATTACAATCTCCAACTGTAGAAGCATGTGGCTACTCAGACAGAATCATCCAAATCACCAGGGGTGATTCAACAATAACCTCACAAGATGTGGCCAATGCAGTAGTGGGTTATGGTGTATGGCCTCATTATTTAAGTGCTGCAGATGCTACTGCCATTGATAAACCTACACAACCTGATACTTCTTCAAATAGGTTCTATACTCTTGAAAGCAAAGTTTGGACAAGCACATCT------------------------------
96405,C_pat17,ATGGGTGCACAGGTTAGCAAACAGAATGTTGGCTCACATGAAAGTGGTATCTCAGCATCATCAGGATCAGTTATCAAGTATTTCAACATCAACTACTATAAAGACTCAGCCAGTAGTGGGTTGAGTAAGCAAGATTTTTCCATGGACCCTGAAAAATTTACGAAGCCAATTGCTGAAGCGATGACAAATCCTGCACTGATGAGTCCTAGTATTGAAGCATGTGGTTTCTCCGATAGGCTAAAGCAAATTACTATCGGGAGCTCCACTATAACAACTCAGGATACACTCCACACAATCGTGGCCTACGGAGAGTGGCCACAATACCTAAGTGATCTGGATGCCAGTGCAGTTGATAAACCTACCCATCCAGAAACATCAACTGATCGGTTTTACACATTAACCAGTGTAGAATGG
96449,C43,ATGGGCGCCCAGGTTTCTAAACAAAGTGTTGGAGCACATGAAACCACAGTTCATGCAGGATCCGGGGCAGTAGTTAAATATTTTAACATTAACTATTACAAAGATGCTGCAAGTTCAGGTCTCACAAAACAAGATTTTTCTCAAGACCCATCAAAATTCACTCAACCTGTGGCCGATCTGTTAACGAATCCTGCTTTGATGTCTCCGTCGGTTGAAGCTTGTGGTTACTCCGATAGGCTTAAGCAAATCACTATCGGTAGTTCCACCATCACAACCCAAGATGCTGTCAACACAATCGTAGCATATGGAGAGTGGCCCAGCTACCTCTCGGATTTGGATGCTACATCAGTTGATAAGCCAACACACCCTGAGACCTCATCAGATCGGTTTTACACATTGGAGAGTGTTACATGG
96469,A16,ATGGGCGCTCAAGTATCCAGACAGAACGTTGGTACGCACTCAACACAAAACATGGTGTCAAATGGATCCAGTCTCAATTATTTTAACATCAACTATTTTAAAGATGCAGCTTCCAGTGGTGCTTCTCGATTGGACTTTTCTCAAGACCCTAGTAAGTTTACAGACCCAGTCAAGGATGTATTAGAGAAAGGCATACCCACGTTGCAATCTCCAAGTGTAGAGGCTTGTGGATACTCTGATAGAATAATCCAAATTACAAGAGGTGATTCAACCATAACATCTCAAGATGTTGCTAATGCAGTGGTTGGATATGGGGTATGGCCACACTATTTAACCCCACAAGATGCAACTGCTATAGATAAACCAACACAACCAGATACATCATCAAATAGGTTTTACACATTAGACAGTAAAATGTGG------------------------------------------
96532,C11,ATGGGCGCCCAGGTTAGCAAACAGAATGTTGGCTCTCATGAAAGTGGAATATCTGCATCTTCAGGTTCAGTTATAAAGTATTTCAATATTAATTATTATAAGGATTCAGCTAGTAGTGGCTTAAGTAAACAAGATTTCTCAATGGACCCAGAAAAGTTCACCAAACCTTTAGCTGACGTCATGACCAACCCAGCGCTAATGAGTCCAAGTATAGAGGCTTGTGGGTTCTCCGATAGGCTAAAACAAATCACTATCGGTAGCTCCACAATCACAACACAGGATACTTTGAACACAGTAGTAGCATATGGCGAGTGGCCGGAATACTTAAAAGATACTGATGCCAGTGCTGTGGATAAACCTACTCATCCTGAGACTTCCACCGATCGATTTTACACACTTACAAGTGTTACCTGG
96543,A30,ATGGGCGCACAGGTATCTAGACAAAATGTTGGGACTCACTCTACACAAAACTCTGTGTCAAATGGATCTAGTTTAAATTATTTTAACATCAATTATTTTAAAGATGCTGCTTCAAATGGAGCGTCTAAATTGGATTTTACACAGGATCCTAGCAAGTTCACAGATCCAGTCAAAGATGTTTTAGAAAAAGGAATACCAACACTACAATCACCCACAGTAGAGGCATGTGGATACTCTGATAGAATCATACAGATCACTAGAGGAGATTCAACAATAACTTCACAAGATGTGGCCAATGCTGTTGTCGCATACGGTGTTTGGCCGCATTATTTGTCCTCAAAAGATGCTACTGCAATTGACAAGCCTTCACGGCCTGACACATCTTCAAATAGATTTTACACTCTAAAGAGTATAACTTGG------------------------------------------
96548,A8,ATGGGCGCTCAGGTTTCCAGACAGAATGTTGGAACACACTCCACGCAGAATGCAGTTTCTGGAGGATCTAGTTTAAATTATTTTAATATCAACTACTTTAAAGATGCTGCATCATCAGGGGCATCTAGACTTGACTTTTCCCAAGACCCTAGCAAATTTACTGACCCAGTGAAAGATGTTCTTACTAAAGGGATTCCTACATTACAATCACCTACAGTTGAAGCATGTGGATACTCAGATAGGATAATACAAATTACAAGGGGTGACACTACTATCACATCACAGGACATAGCAAATGCAGTTGTTGCCTATGGTGTATGGCCCACATACCTTGATTCAAAAGATGCAACGGCCATTGATAAACCTACTCAGCCAGACACTTCAACCAACAGATTTTACACACTAGAGAGTAGGGAGTGGAGAGGTGATAGTAAAGGCTGG---------------------
96589,A28,ATGGGCGCTCAAGTATCTAGGCAGAATGTTGGCACACACACCACACAAAACGCTGTATCAAATGGTTCTAGTTTGAATTACTTTAACATCAACTACTTTAAAGATGCTGCCTCAAGTGGAGCGTCACGACTGGATTTTTCACAAGATCCTAGTAAATTCACAGATCCAGTCAAAGATGCTCTTACGAAAGGTATACCAACTCTACAATCACCCAGTATTGAGGCATGTGGTTATTCAGATAGGATCATACAAATAACACGAGGGAATTCAACAATTACTTCACAAGATATAGCAAATGCTGTAGTAGCCTATGGAGTTTGGCCTGAATATCTACCTAGTCAAGATGCTAGTGCAATAGACAAACCAACACATCCTGACACCTCTTCTAATAGATTCTATACATTGGAAAGCAAAAACTGG------------------------------------------
96694,C38,ATGGGCGCCCAGGTCAGCAAGCAGAATGTTGGTTCACATGAAAGTGGAATATCTGCGTCATCAGGTTCAGTTATAAAGTATTTTAATATCAACTACTACAAGGATTCAGCTAGCAGTGGCCTAAGTAAACAAGATTTCTCCATGGACCCAGAAAAGTTCACTAAACCCTTGGCTGATGTCATGACTAACCCAGCATTAATGAGTCCAAGCATAGAAGCTTGTGGGTTTTCCGATAGGCTAAAACAAATCACTATCGGTAGTTCCACAATAACAACGCAAGACACTTTGAACACAGTTGTGGCTTATGGTGAATGGCCAGAATACTTGAAAGATGCTGATGCTAGCGCTGTAGACAAACCCACCCATCCGGAAACATCTACAGATCGCTTCTACACACTAACCAGTGTTGAATGG
96729,C43,ATGGGCGCCCAGGTTTCTAAACAAAGTGTTGGAGCACATGAAACCACAGTTCATGCAGGATCCGGGGCAGTAGTTAAATATTTTAACATTAACTATTACAAAGATGCTGCAAGTTCAGGTCTCACAAAACAAGATTTTTCTCAAGACCCATCAAAATTCACTCAACCTGTGGCCGATCTGTTAACGAATCCTGCTTTGATGTCTCCGTCGGTTGAAGCTTGTGGTTACTCCGATAGGCTTAAGCAAATCACTATCGGTAGTTCCACCATCACAACCCAAGATGCTGTCAACACAATCGTAGCATATGGAGAGTGGCCCAGCTACCTCTCGGATTTGGATGCTACATCAGTTGATAAGCCAACACACCCTGAGACCTCATCAGATCGGTTTTACACATTGGAGAGTGTTACATGG
96856,A16,ATGGGCGCCCAGGTATCAAGACAGAATGTTGGCACACACTCAACTCAAAATGTGGTTTCTAGTGGTTCTAGTTTAAACTATTTTAATATTAATTATTTCAAAGATGCAGCCTCAAGTGGTGCATCAAAGTTAGAGTTTTCACAAGATCCAAGTAAATTCACTGACCCAGTTAAAGATGTGTTAGAAAAAGGTATTCCTACCCTCCAATCTCCAACAGTTGAAGCATGCGGATACTCTGACAGAATTATTCAAATTACCAGAGGAGATTCTACCATAACATCACAAGATGTGGCCAATGCTGTTGTTGGCTATGGAGTATGGCCCCACTATCTCACAGCACAAGATGCCACTGCAATAGATAAACCATCACAACCTGATACATCATCTAATAGATTTTATACATTAGAGAGTAAACTGTGGACAAATGAATCAAAAGGCTGGTG
96866,A28,ATGGGCGCTCAAGTATCTAGGCAGAATGTTGGCACACACACCACACAAAACGCTGTATCAAATGGTTCTAGTTTGAATTACTTTAACATCAACTACTTTAAAGATGCTGCCTCAAGTGGAGCGTCACGACTGGATTTTTCACAAGATCCTAGTAAATTCACAGATCCAGTCAAAGATGCTCTTACGAAAGGTATACCAACTCTACAATCACCCAGTATTGAGGCATGTGGTTATTCAGATAGGATCATACAAATAACACGAGGGAATTCAACAATTACTTCACAAGATATAGCAAATGCTGTAGTAGCCTATGGAGTTTGGCCTGAATATCTACCTAGTCAAGATGCTAGTGCAATAGACAAACCAACACATCCTGACACCTCTTCTAATAGATTCTATACATTGGAAAGCAAAAACTGG------------------------------------------
96944,C6,ATGGGCGCACAAGTATCTAGGCAAAGTGTCGGGAGTCACGAAACAATGATCCACGCTGGAACAGGAGCTGTAGTGAAATATTTTAATGTCAACTACTACAAGGATGCAGCAAGTTCTGGACTAACCAAGCAGGATTTCTCTCAAGACCCTTCCAAATTCACCCAACCCGTAGCAGATATCTTGTCAAATCCAGCACTAATGTCCCCTTCAATTGAAGCATGTGGGTTCTCCGATAGGCTCAAGCAAATCACTATCGGAAACTCCACTATCACAACACAGGATGCAGTCAACACAATTGTCGCATATGGAGAATGGCCTAGTTACTTGTCAGATATGGATGCAACTTCAGTTGATAAACCCACCCACCCTGAAACTTCATCGGACAGATTCTACACACTGAATAGTGTCACTTGGCAGGGTGGGTCGTTGGGT
97000,C43,ATGGGTGCCCAAGTTTCAAAGCAGAGTGTCGGAGCACATGAAACTACAGTCCATGCAGGAACTGGGGCAGTAGTAAAGTATTTTAATATCAATTACTATAAAGACGCTGCAAGTTCAGGTTTAACTAAGCAAGACTTTTCACAAGATCCATCAAAATTCACTCAGCCTGTGGCTGACCTGTTAACAAACCCTGCTTTGATGTCTCCATCAGTTGAGGCCTGTGGTTACTCTGATAGGCTCAAGCAAATCACTATCGGCAGTTCCACTATCACAACACAAGATGCTGTTAATACAATTGTGGCGTATGGAGAGTGGCCCAGTTACTTATCAGACCTAGATGCAACGTCGGTTGACAAACCGACACACCCTGAAACCTCCTCAGATCGTTTCTACACGTTGGACAGTGTTAAATGG
97017,C43,ATGGGTGCCCAAGTTTCAAAGCAGAGTGTCGGAGCACATGAAACTACAGTCCATGCAGGAACTGGGGCAGTAGTAAAGTATTTTAATATCAATTACTATAAAGACGCTGCAAGTTCAGGTTTAACTAAGCAAGACTTTTCACAAGATCCATCAAAATTCACTCAGCCTGTGGCTGACCTGTTAACAAACCCTGCTTTGATGTCTCCATCAGTTGAGGCCTGTGGTTACTCTGATAGGCTCAAGCAAATCACTATCGGCAGTTCCACTATCACAACACAAGATGCTGTTAATACAATTGTGGCGTATGGAGAGTGGCCCAGTTACTTATCAGACCTAGATGCAACGTCGGTTGACAAACCGACACACCCTGAAACCTCCTCAGATCGTTTCTACACGTTGGACAGTGTTAAATGG
97049,C22,ATGGGTGCCCAAGTATCTAGGCAGAGTGTTGGAAGTCATGAGACTAATGTTCAAGCAGGATCTGGTGCTGTTGTAAAGTACTTTAACATCAATTATTACAAGGATGCAGCAAGTTCTGGACTAACAAAACAGGATTTTTCCCAAGACCCATCAAAGTTCACCCAACCAGTTGCTGATTTGCTTACAAACCCAGCATTGATGTCCCCCACAATAGAAGCATGTGGGTTCTCCGATAGGCTCAAGCAAATTACTATCGGAAGTTCCACTATTACTGCACAAGATGCAGTGAACACAATAGTAGCTTATGGGGAATGGCCTAGTTACTTATCAGACATAGATGCAACATCAGTTGATAAACCTACTCATCCAGAGACATCATCAGACAGATTTTACACATTGGAGAGTGTCATATGG
97073,C22,ATGGGTGCCCAAGTATCTAGGCAGAGTGTTGGAAGCCATGAGACTAATGTTCAAGCAGGATCTGGTGCTGTTGTAAAGTACTTTAACATTAATTATTACAAGGATGCAGCAAGTTCTGGACTAACAAAACAGGATTTTTCCCAAGACCCATCAAAGTTCACCCAACCAGTTGCTGATTTGCTTACAAACCCAGCATTGATGTCCCCCACAATAGAAGCATGTGGGTTCTCCGATAGGCTCAAGCAAATTACTATCGGAAGTTCCACTATTACTACACAAGATGCAGTGAACACAATAGTAGCTTATGGGGAATGGCCTAGTTACTTATCAGACATAGATGCAACATCAGTTGATAAACCTACTCATCCAGAGACATCATCAGACAGATTTTACACATTGGAGAGTGTCATATGG
97087,C38,ATGGGCGCCCAGGTCAGCAAGCAGAATGTTGGTTCACATGAAAGTGGAATATCTGCGTCATCAGGTTCAGTTATAAAGTATTTTAATATCAACTACTACAAGGATTCAGCTAGCAGTGGCCTAAGTAAACAAGATTTCTCCATGGACCCAGAAAAGTTCACTAAACCCTTGGCTGATGTCATGACTAACCCAGCATTAATGAGTCCAAGCATAGAAGCTTGTGGGTTTTCCGATAGGCTAAAACAAATCACTATCGGTAGTTCCACAATAACAACGCAAGACACTTTGAACACAGTTGTGGCTTATGGTGAATGGCCAGAATACTTGAAAGATGCTGATGCTAGCGCTGTAGACAAACCCACCCATCCGGAAACATCTACAGATCGCTTCTACACACTAACCAGTGTTGAATGG
97156,C38,ATGGGCGCCCAGGTCAGCAAGCAGAATGTTGGTTCACATGAAAGTGGAATATCTGCGTCATCAGGTTCAGTTATAAAGTATTTTAATATCAACTACTACAAGGATTCAGCTAGCAGTGGCCTAAGTAAACAAGATTTCTCCATGGACCCAGAAAAGTTCACTAAACCCTTGGCTGATGTCATGACTAACCCAGCATTAATGAGTCCAAGCATAGAAGCTTGTGGGTTTTCCGATAGGCTAAAACAAATCACTATCGGTAGTTCCACAATAACAACGCAAGACACTTTGAACACAGTTGTGGCTTATGGTGAATGGCCAGAATACTTGAAAGATGCTGATGCTAGCGCTGTAGACAAACCCACCCATCCGGAAACATCTACAGATCGCTTCTACACACTAACCAGTGTTGAATGGCACGGATCATCAAAGGG
97169,C6,ATGGGCGCACAAGTATCTAGGCAAAGTGTCGGGAGTCACGAAACAATGATCCACGCTGGAACAGGAGCTGTAGTGAAATATTTTAATGTCAACTACTACAAGGATGCAGCAAGTTCTGGACTAACCAAGCAGGATTTCTCTCAAGACCCTTCCAAATTCACCCAACCCGTAGCAGATATCTTGTCGAATCCAGCACTAATGTCCCCTTCAATTGAAGCATGTGGGTTCTCCGATAGGCTCAAGCAAATCACTATCGGAAACTCCACTATCACAACACAGGATGCAGTCAACACAATTGTCGCATATGGAGAATGGCCTAGTTACTTGTCAGATATGGATGCAACTTCAGTTGATAAACCCACCCACCCTGAAACTTCATCGGACAGATTCTATACACTGAATAGTGTCACTTGGCAGGGTGGGTCGTTGGG
97258,C36,ATGGGTGCCCAGGTCAGCAAACAGAGTGTTGGAGCACACGAGAACAGCATAACTGCTAACAAAGGCTCTATTGTCAAATACTTTAATATTAATTATTATAAGGATGCAGCAAGTTCTGGACTGACAAAACAGGACTTTTCTCAAGATCCCTCAAAATTCACCCAACCACTAGCAGATGCATTAACAAACCCAGCACTCATGTCCCCTAGTATTGAAGCATGTGGGTTCTCTGATAGGCTAAAACAAATCACTATCGGAGATTCCACTATTACCACACAAGATACACTTAACAGTGTGGTGGCTTATGGGGAGTGGCCTCAATACTTGTCTGACCTTGATGCCTCATCAATTGACAAGCCTACCCATCCTGAGACATCAGCTGATAGATTTTACACACTTGACAGCGTCAATTGG
97298,B83,ATGGGAGCTCAAGTGTCTACACAGAAGAGTGGTTCACACGAGAATCAAAACATTTTAACTAATGGATCACATCAGACATTTACAGTAATTAATTATTATAAGGATGCTGCAAGTTCGTCATCTGCAGGTCAATCATTATCAATGGATCCATCAAAATTTACTGAACCAGTTAAAGATTTGATGTTAAAAGGTGCTCCAGCATTAAATTCACCAAATGTTGAAGCATGTGGTTATAGTGACAGAGTTCAACAAATCACACTTGGAAACTCCACAATAACCACTCAAGAAGCAGCAAATGCTGTAGTGTGTTATGCTGAATGGCCAGAATATTTACCAGATAAAGATGCAAGTGATGTGAACAAAACATCCAAACCAGATACATCTGTGTGCAGATTTTATACCCTGGATAGTAAAGACTGG-----------------------
97369,C6,ATGGGCGCACAAGTATCTAGGCAAAGTGTCGGGAGTCACGAAACAATGATCCACGCTGGAACAGGAGCTGTAGTGAAATATTTTAATGTCAACTACTACAAGGATGCAGCAAGTTCTGGACTAACCAAGCAGGATTTCTCTCAAGACCCTTCCAAATTCACCCAACCCGTAGCAGATATCTTGTCAAATCCAGCACTAATGTCCCCTTCAATTGAAGCATGTGGGTTCTCCGATAGGCTCAAGCAAATCACTATCGGAAACTCCACTATCACAACACAGGATGCAGTCAACACAATTGTCGCATATGGAGAATGGCCTAGTTACTTGTCAGATATGGATGCAACTTCAGTTGATAAACCCACCCACCCTGAAACTTCATCGGACAGATTCTACACACTGAATAGTGTCACTTGG
97412,C43,ATGGGTGCCCAAGTTTCAAAGCAGAGTGTCGGAGCACATGAAACTACAGTCCATGCAGGAACTGGGGCAGTAGTAAAGTATTTTAATATCAATTACTATAAAGACGCTGCAAGTTCAGGTTTAACTAAGCAAGACTTTTCACAAGATCCATCAAAATTCACTCAGCCTGTGGCTGACCTGTTAACAAACCCTGCTTTGATGTCTCCATCAGTTGAGGCCTGTGGTTACTCTGATAGGCTCAAGCAAATCACTATCGGCAGTTCCACTATCACAACACAAGATGCTGTTAATACAATTGTGGCGTATGGAGAGTGGCCCAGTTACTTATCAGACCTAGATGCAACGTCGGTTGACAAACCGACACACCCTGAAACCTCCTCAGATCGTTTCTACACGTTGGACAGTGTTAAATGG
97515,C6,ATGGGCGCACAAGTATCTAGGCAAAGTGTCGGGAGTCACGAAACAATGATCCACGCTGGAACAGGAGCTGTAGTGAAATATTTTAATGTCAACTACTACAAGGATGCAGCAAGTTCTGGACTAACCAAGCAGGATTTCTCTCAAGACCCTTCCAAATTCACCCAACCCGTAGCAGATATCTTGTCAAATCCAGCACTAATGTCCCCTTCAATTGAAGCATGTGGGTTCTCCGATAGGCTCAAGCAAATCACTATCGGAAACTCCACTATCACAACACAGGATGCAGTCAACACAATTGTCGCATATGGAGAATGGCCTAGTTACTTGTCAGACATGGATGCAACTTCAGTTGATAAACCCACCCACCCTGAAACTTCATCGGACAGATTCTACACACTGAATAGTGTCACTTGG
97534,A101,ATGGGTGCACAGGTTTCCAGACAGAATGTTGGAACTCACTCAACACAAAATGCAGTATCCAATGGTTCAAGTTTGAATTATTTTAATATCAATTACTTCAAAGATGCAGCATCAAGTGGAGCGTCAAGATTAGATTTTTCACAAGATCCTAGTAAATTCACTGATCCAGTTAAAGATGTTTTGACAAAAGGAATTCCAACATTGCAGTCCCCATCTGTTGAGGCTTGTGGATATTCAGACAGGATAATACAGATAACAAGGGGAAACTCAACAATAACATCACAAGATGTAGCAAATGCAGTTGTTGGGTATGGAGTGTGGCCCCAATATTTACCTGATGATGATGCTAGTGCTATTGACAAACCAACTCATCCAGACACATCCTCAAACAGGTTCTACACATTAGAAAGTAAAGAGTGG------------------------------------------
97630,A54,ATGGGCGCTCAGGTATCTAGACAGAATGTTGGTACTCACTCAACTCAAAACTCAGTGTCAAATGGATCCAGCTTGAATTATTTTAACATAAATTATTTTAAGGATGCTGCTTCAAGTGGAGCATCAAAATTGGAATTCTCACAAGACCCGAGTAAGTTTACTGACCCAGTAAAAGATGTTTTGGAGAAAGGAATACCAACCTTACAATCACCCACAGTGGAGGCTTGTGGTTATTCAGATAGGATCATACAGATAACTAGAGGAGATTCAACAATAACATCACAAGATGTGGCAAATGCCGTTGTAGGATACGGTGTTTGGCCACATTATCTAACAGCACAGGATGCCACGGCCATAGACAAACCTACACAACCTGACACATCATCCAACAGATTTTACACACTTGACAGCAAATTATGG------------------------------------------
97639,C1,ATGGGCGCTCAAGTATCTAGACAGAGTGTTGGAAGCCATGAAACCATGATCCACGCTGGGACTGGAGCTGTGGTGAAGTATTTCAATGTCAACTACTATAAGGATGCGGCAAGCTCCGGTTTGACCAAACAGGATTTTTCTCAAGACCCGTCCAAGTTCACTCAACCCGTAGCCGATATCCTGACTAACCCAGCCTTGATGTCTCCCTCAGTTGAGGCTTGTGGGTTTTCCGATAGGCTCAAGCAAATCACTATCGGAAACTCCACTATAACAACCCAGGATGCTGTGAATACAATTGTAGCATACGGAGAATGGCCTAGCTATTTATCAGACTTGGATGCGACCTCAGTTGACAAACCCACACACCCTGAGACATCATCAGACAGATTTTACACTCTAAAGAGT---------
97698,C6,ATGGGCGCACAAGTATCTAGGCAAAGTGTCGGGAGTCACGAAACAATGATCCACGCTGGAACAGGAGCTGTAGTGAAATATTTTAATGTCAACTACTACAAGGATGCAGCAAGTTCTGGACTAACCAAGCAGGATTTCTCTCAAGACCCTTCCAAATTCACCCAACCCGTAGCAGATATCTTGTCAAATCCAGCACTAATGTCCCCTTCAATTGAAGCATGTGGGTTCTTCGATAGGCTCAAGCAAATCACTATCGGAAACTCCACTATCACAACACAGGATGCAGTCAACACAATTGTCGCATATGGAGAATGGCCTAGTTACTTGTCAGATATGGATGCAACTTCAGTTGATAAACCCACCCACCCTGAAACTTCATCGGACAGATTCTACACACTGAATAGTGTCACT---
97700,C22,ATGGGCGCCCAAGTGTCTAGACAGAGTGTTGGAAGTCATGAGACTAATGTTCAAGCTGGGTCTGGTGCTGTTGTAAAGTACTTTAACATCAATTATTACAAAGATGCAGCAAGTTCCGGACTAACAAAACAGGATTTTTCCCAGGACCCATCAAAGTTCACCCAGCCAGTTGCTGATTTGCTTACAAATCCCGCGTTGATGTCCCCTACAATAGAAGCATGTGGGTTCTCCGATAGGCTCAAGCAAATTACTATCGGAAGTTCCACTATCACTACACAAGATGCAGTGAACACAATAGTAGCTTATGGGGAATGGCCTAGTTATCTATCAGATATAGATGCAACATCAGTTGATAAACCTACTCATCCAGAGACATCATCAGACAGATTTTACACGTTAGAGAGTGTCATATGG
97769,C22,ATGGGTGCCCAAGTATCTAGGCAGAGTGTGGGAAGTCACGAAACTAATGTTCAAGCAGGATCTGGTGCTGTTGTAAAGTACTTTAACATCAATTATTACAAGGATGCAGCAAGTTCTGGACTAACAAAACAGGATTTTTCCCAAGACCCATCAAAGTTCACCCAACCAGTTGCTGATTTGCTTACAAACCCAGCATTGATGTCCCCCACAATAGAAGCATGTGGGTTCTCCGATAGGCTCAAGCAAATTACTATCGGAAGTTCCACTATTACTACACAAGATGCAGTGAACACAATAGTAGCTTATGGGGAATGGCCTAGTTACTTATCAGACATAGATGCAACATCAGTTGATAAACCTACTCATCCAGAGACATCATCAGACAGATTTTACACATTGGAGAGTGTCATATGG
97816,A8,ATGGGCGCTCAGGTTTCCAGACAGAATGTTGGAACACACTCCACGCAGAATGCAGTTTCTGGAGGATCTAGTTTAAATTATTTTAATATCAACTACTTTAAAGATGCTGCATCATCAGGGGCATCTAGACTTGACTTTTCCCAAGACCCTAGCAAATTTACTGACCCAGTGAAAGATGTTCTTACTAAAGGGATTCCTACATTACAATCACCTACAGTTGAAGCATGTGGATACTCAGATAGGATAATACAAATTACAAGGGGTGACACTACTATCACATCACAGGACATAGCAAATGCAGTTGTTGCCTATGGTGTATGGCCCACATACCTTGATTCAAAAGATGCAACGGCCATTGATAAACCTACTCAGCCAGACACTTCAACCAACAGATTTTACACACTAGAGAGTAGGGAGTGG------------------------------------------
97907,C41,ATGGGTGCACAGGTGAGTAAACAGAGCAATGGTACTCATGAAAATGTTGTTTCAGCAAACAATGGAGCTGTAGTCAAGTACTTCAACATCAACTACTATAAAGATTCAGCTAGCTCAGGTTTATCCAGACAGGACTTTTCTCAAGATCCATCCAAATTCACCCAACCTCTTGTTGACACTCTCACTAACCCCGCACTCATGTCCCCAACAGTTGAGGCATGTGGGTTTTCCGATAGGCTAAAGCAAATCACTATCGGAAACTCCACTATAACCACCCAAGACTCCTTAAACTCTATACTAGCCTATGGAGAGTGGCCTACCTACCTGTCAGACATAGATGCAACATCTGTGGATAAGCCGACCCACCCTGAAACCTCAGCTGACAGATTCTACACACTACGTAGTGTCAATTGG
98103,B48,ATGGGTGCACAAGTATCTACACAAAAGAGTGGCTCGCACGAAAATCAAAACATCCTCACAAATGGTTCAACACAAAATTTCACTGTAATTAACTACTACAAAGATGCTGCAAGTTCATCATCTGCTGGACAGTCGTTCTCTATGGACCCCTCCAAGTTTACTGAACCAGTTAAAGATATTATGCTTAAAGGAGCACCAGCACTGAATTCCCCGAATGTTGAGGCGTGTGGTTATAGTGACAGAGTACAGCAGATCACACTTGGAAATTCCACAATTACAACTCAGGAGGCAGCTAATGCAGTTGTAGCATATGCAGAGTGGCCAAGTTATTTATCAGATCAAGATGCAAGTGATGTGAACAAAACCTCACAACCTGATACATCCGTATGTAGATTCTATACCCTAGAAAGTAAAACATGGCAAACAACTTCAAAGGGCTGG--
98109,A78,ATGGGCGCTCAGGTATCAAGACAGAATGTTGGTACTCACTCAACACAAAACTCAGTTTCAAATGGTTCAAGTCTAAATTACTTTAACATCAATTATTTCAAAGATGCAGCCTCTTCAGGAGCATCTAGACTTGATTTCTCACAAGACCCAAGTAAATTTACTGATCCAGTTAAAGATGTACTTACTAAGGGAATACCAACACTTCAGTCCCCATCAGTTGAGGCATGTGGATATTCTGATAGAATAATACAAATTACAAGAGGTGATTCTACCATAACATCTCAAGATATAGCCAATGCAGTTGTAGCATATGGCGTATGGCCCAGCTATCTTACTGCAAAAGATGCATCTGCAATTGACAAACCAACACAACCAGATACTTCATCCAATCGGTTCTACACTCTAGAG------------------------------------------------------